{
  "id": "2dd64847-a32f-4c86-9e38-a85a4aba18d6",
  "generation": 4,
  "iteration": 48,
  "current_iteration": 50,
  "metrics": {
    "combined_score": 0.9127941609939327
  },
  "language": "text",
  "timestamp": 1781440679.5733397,
  "saved_at": 1781441132.5319598
}